{"generated_at":"2026-06-30T18:13:45Z","overall":{"season":"all","n":11170,"accuracy":0.7157564905998209,"brier":0.1826079941525438,"log_loss":0.5374571584328645,"auc":0.7715976715133949,"n_market":4240,"accuracy_market":0.717688679245283,"accuracy_model_on_market":0.7023584905660377,"brier_market":0.18302786767971754,"brier_model_on_market":0.19172682590698817},"by_season":[{"season":2025,"n":5554,"accuracy":0.7187612531508822,"brier":0.18340694368074786,"log_loss":0.5409560679970631,"auc":0.7691424957079606,"n_market":2102,"accuracy_market":0.7221693625118935,"accuracy_model_on_market":0.7069457659372027,"brier_market":0.18166176486613153,"brier_model_on_market":0.19246316624990148},{"season":2026,"n":5616,"accuracy":0.7127849002849003,"brier":0.18181786493608276,"log_loss":0.5339968764315183,"auc":0.7740827065038179,"n_market":2138,"accuracy_market":0.7132834424695977,"accuracy_model_on_market":0.6978484565014031,"brier_market":0.18437096782665757,"brier_model_on_market":0.19100288418537748}]}